Id,Name,Period,Wikipedia URL
ld1-1643399756728-1643399756953-1,Isaac Lea,4 Mar 1792 - 8 Dec 1886,https://en.wikipedia.org/wiki/Isaac_Lea
ld1-1643399756728-1643399756954-0,John Ericsson,31 Jul 1803 - 8 Mar 1889,https://en.wikipedia.org/wiki/John_Ericsson
ld1-1643399756728-1643399757052-0,Henry Clay,12 Apr 1777 - 29 Jun 1852,https://en.wikipedia.org/wiki/Henry_Clay
ld1-1643399756728-1643399757145-0,Thomas Jefferson,13 Apr 1743 - 4 Jul 1826,https://en.wikipedia.org/wiki/Thomas_Jefferson
ld1-1643399756728-1643399757234-0,John Caldwell Calhoun,18 Mar 1782 - 31 Mar 1850,https://en.wikipedia.org/wiki/John_Caldwell_Calhoun
ld1-1643399756728-1643399757305-1,Parke Godwin,25 Feb 1816 - 7 Jan 1904,https://en.wikipedia.org/wiki/Parke_Godwin_(journalist)
ld1-1643399756728-1643399757377-1,John Sergeant,5 Dec 1779 - 25 Nov 1852,https://en.wikipedia.org/wiki/John_Sergeant_(politician)
ld1-1643399756728-1643399757378-1,Joseph Jefferson,20 Feb 1829 - 23 Apr 1905,https://en.wikipedia.org/wiki/Joseph_Jefferson
ld1-1643399756728-1643399757411-0,Cornelius Vanderbilt,27 May 1794 - 4 Jan 1877,https://en.wikipedia.org/wiki/Cornelius_Vanderbilt
ld1-1643399756728-1643399757649-2,Joseph Story,18 Sep 1779 - 10 Sep 1845,https://en.wikipedia.org/wiki/Joseph_Story
ld1-1643399756728-1643399757815-0,Harrison Gray Otis,8 Oct 1765 - 28 Oct 1848,https://en.wikipedia.org/wiki/Harrison_Gray_Otis_(politician)
ld1-1643399756728-1643399757849-1,Benjamin Harrison,20 Aug 1833 - 13 Mar 1901,https://en.wikipedia.org/wiki/Benjamin_Harrison
ld1-1643399756728-1643399757960-0,Joseph Moody,1763 - 1839,-
ld1-1643399756728-1643399758079-0,Rev. John Carroll,8 Jan 1735 - 3 Dec 1815,https://en.wikipedia.org/wiki/John_Carroll_(archbishop)
ld1-1643399756728-1643399758082-0,Peggy Bacon,2 May 1895 - 4 Jan 1987,https://en.wikipedia.org/wiki/Peggy_Bacon
ld1-1643399756728-1643399758223-0,Gulian Crommelin Verplanck,6 Aug 1786 - 18 Mar 1870,https://en.wikipedia.org/wiki/Gulian_Crommelin_Verplanck
ld1-1643399756728-1643399758224-0,Horatio Gates,1727 - 1806,https://en.wikipedia.org/wiki/Horatio_Gates
ld1-1643399756728-1643399758315-0,John Lothrop Motley,15 Apr 1814 - 29 May 1877,https://en.wikipedia.org/wiki/John_Lothrop_Motley
ld1-1643399756728-1643399758485-0,Thomas Jonathan Jackson,21 Jan 1824 - 10 May 1863,https://en.wikipedia.org/wiki/Thomas_Jonathan_Jackson
ld1-1643399756728-1643399758522-2,Anson Phelps Stokes,13 Apr 1874 - 13 Aug 1958,https://en.wikipedia.org/wiki/Anson_Phelps_Stokes_(philanthropist)
ld1-1643399756728-1643399758525-0,William Lloyd Garrison,10 Dec 1805 - 24 May 1879,https://en.wikipedia.org/wiki/William_Lloyd_Garrison
ld1-1643399756728-1643399758545-0,Millard Fillmore,7 Jan 1800 - 8 Mar 1874,https://en.wikipedia.org/wiki/Millard_Fillmore
ld1-1643399756728-1643399758567-1,John Caldwell Calhoun,18 Mar 1782 - 31 Mar 1850,https://en.wikipedia.org/wiki/John_Caldwell_Calhoun
ld1-1643399756728-1643399758633-1,Theresa Helburn,12 Jan 1887 - 18 Aug 1959,https://en.wikipedia.org/wiki/Theresa_Helburn
ld1-1643399756728-1643399758661-1,Rev. Justus Henry Christian Helmuth,16 May 1745 - 5 Feb 1825,https://en.wikipedia.org/wiki/Justus_Christian_Henry_Helmuth
ld1-1643399756728-1643399758788-0,Roger Sherman,c. 19 Apr 1721 - 23 Jul 1793,https://en.wikipedia.org/wiki/Roger_Sherman
ld1-1643399756728-1643399758893-0,Henry Clay,12 Apr 1777 - 29 Jun 1852,https://en.wikipedia.org/wiki/Henry_Clay
ld1-1643399756728-1643399759096-1,Juliana Westray Wood,1778 - 1838,https://en.wikipedia.org/wiki/Juliana_Westray
ld1-1643399756728-1643399759125-1,Nelson Wilmarth Aldrich,6 Nov 1841 - 16 Apr 1915,https://en.wikipedia.org/wiki/Nelson_Wilmarth_Aldrich
ld1-1643399756728-1643399759201-0,Richard Watson Gilder,8 Feb 1844 - 18 Nov 1909,https://en.wikipedia.org/wiki/Richard_Watson_Gilder
ld1-1643399756728-1643399759424-0,Benjamin Lay,c. 1681 - 3 Feb 1759,https://en.wikipedia.org/wiki/Benjamin_Lay
ld1-1643399756728-1643399759739-0,Thomas Say,27 Jun 1787 - 10 Oct 1834,https://en.wikipedia.org/wiki/Thomas_Say
ld1-1643399756728-1643399759910-0,George Inness,1 May 1825 - 3 Aug 1894,https://en.wikipedia.org/wiki/George_Inness
ld1-1643399756728-1643399760026-1,Charles Sumner,6 Jan 1811 - 11 Mar 1874,https://en.wikipedia.org/wiki/Charles_Sumner
ld1-1643399756728-1643399760027-0,John George Brown,11 Nov 1831 - 8 Feb 1913,https://en.wikipedia.org/wiki/John_George_Brown
ld1-1643399756728-1643399760065-0,Sidney Dillon,7 May 1812 - 9 Jun 1892,https://en.wikipedia.org/wiki/Sidney_Dillon
ld1-1643399756728-1643399760151-0,James Henry Hackett,15 Mar 1800 - 28 Dec 1871,https://en.wikipedia.org/wiki/James_Henry_Hackett
ld1-1643399756728-1643399760188-0,George Catlin,26 Jul 1796 - 23 Dec 1872,https://en.wikipedia.org/wiki/George_Catlin
ld1-1643399756728-1643399760442-0,William Cullen Bryant,3 Nov 1794 - 12 Jun 1878,https://en.wikipedia.org/wiki/William_Cullen_Bryant
ld1-1643399756728-1643399760496-0,Samuel Washington Woodhouse,27 Jun 1821 - 23 Oct 1904,https://en.wikipedia.org/wiki/Samuel_Washington_Woodhouse
ld1-1643399756728-1643399760553-0,Bret Harte,25 Aug 1836 - 5 May 1902,https://en.wikipedia.org/wiki/Bret_Harte
ld1-1643399756728-1643399760652-0,Benjamin West,10 Oct 1738 - 11 Mar 1820,https://en.wikipedia.org/wiki/Benjamin_West
ld1-1643399756728-1643399760825-0,Henry Williams Blodgett,21 Jul 1821 - 1905,https://en.wikipedia.org/wiki/Henry_Williams_Blodgett
ld1-1643399756728-1643399760889-0,Frederick Douglass,Feb 1818 - 20 Feb 1895,https://en.wikipedia.org/wiki/Frederick_Douglass
ld1-1643399756728-1643399760952-0,Charles Herbert Woodbury,1864 - 21 Jan 1940,https://en.wikipedia.org/wiki/Charles_Herbert_Woodbury
ld1-1643399756728-1643399761089-1,Matthew Pratt,23 Sep 1734 - 9 Jan 1805,https://en.wikipedia.org/wiki/Matthew_Pratt
ld1-1643399756728-1643399761355-1,Alla Nazimova,4 Jun 1878 - 13 Jul 1945,https://en.wikipedia.org/wiki/Alla_Nazimova
ld1-1643399756728-1643399761430-0,Charles Cotesworth Pinckney,25 Feb 1746 - 25 Aug 1825,https://en.wikipedia.org/wiki/Charles_Cotesworth_Pinckney
ld1-1643399756728-1643399761501-1,Horatio Greenough,6 Sep 1805 - 18 Dec 1852,https://en.wikipedia.org/wiki/Horatio_Greenough
ld1-1643399756728-1643399761514-0,Jean Louis Rodolphe Agassiz,28 May 1807 - 14 Dec 1873,https://en.wikipedia.org/wiki/Jean_Louis_Rodolphe_Agassiz
ld1-1643399756728-1643399761567-0,Henry Laurens,6 Mar 1724 - 8 Dec 1792,https://en.wikipedia.org/wiki/Henry_Laurens
ld1-1643399756728-1643399761703-0,James Kent,31 Jul 1763 - 12 Dec 1847,https://en.wikipedia.org/wiki/James_Kent_(jurist)
ld1-1643399756728-1643399761760-1,Juliette Gordon Low,31 Oct 1860 - 17 Jan 1927,https://en.wikipedia.org/wiki/Juliette_Gordon_Low
ld1-1643399756728-1643399761953-0,Minimic,? - 1881,-
ld1-1643399756728-1643399762124-0,Zachary Taylor,24 Nov 1784 - 9 Jul 1850,https://en.wikipedia.org/wiki/Zachary_Taylor
ld1-1643399756728-1643399762145-0,George Fuller,17 Jan 1822 - 21 Mar 1884,https://en.wikipedia.org/wiki/George_Fuller_(painter)
ld1-1643399756728-1643399762146-0,Fisher Ames,9 Apr 1758 - 4 Jul 1808,https://en.wikipedia.org/wiki/Fisher_Ames
ld1-1643399756728-1643399762167-1,Elisha Kent Kane,3 Feb 1820 - 16 Feb 1857,https://en.wikipedia.org/wiki/Elisha_Kent_Kane
ld1-1643399756728-1643399762181-0,Benjamin Franklin,17 Jan 1706 - 17 Apr 1790,https://en.wikipedia.org/wiki/Benjamin_Franklin
ld1-1643399756728-1643399762213-1,Woodrow Wilson,28 Dec 1856 - 3 Feb 1924,https://en.wikipedia.org/wiki/Woodrow_Wilson
ld1-1643399756728-1643399762386-0,Sidney Hillman,23 Apr 1887 - 10 Jul 1946,https://en.wikipedia.org/wiki/Sidney_Hillman
ld1-1643399756728-1643399762529-0,George Henry Durrie,6 Jun 1820 - 15 Oct 1863,https://en.wikipedia.org/wiki/George_Henry_Durrie
ld1-1643399756728-1643399762741-0,James C. McGuire,1812 - Aug 29 1888,-
ld1-1643399756728-1643399762757-0,James Pollard Espy,9 May 1785 - 24 Jan 1860,https://en.wikipedia.org/wiki/James_Pollard_Espy
ld1-1643399756728-1643399762758-0,Belva Ann Bennett Lockwood,25 Oct 1830 - 19 May 1917,https://en.wikipedia.org/wiki/Belva_Ann_Bennett_Lockwood
ld1-1643399756728-1643399762770-1,Zachary Taylor,24 Nov 1784 - 9 Jul 1850,https://en.wikipedia.org/wiki/Zachary_Taylor
ld1-1643399756728-1643399762818-0,Reza Shah Pahlavi,1878 - 1944,https://en.wikipedia.org/wiki/Reza_Shah_Pahlavi
ld1-1643399756728-1643399762873-0,Varina Howell Davis,7 May 1826 - 16 Oct 1906,https://en.wikipedia.org/wiki/Varina_Howell_Davis
ld1-1643399756728-1643399763094-1,Andrew Jackson,15 Mar 1767 - 8 Jun 1845,https://en.wikipedia.org/wiki/Andrew_Jackson
ld1-1643399756728-1643399763102-1,Bayard Taylor,11 Jan 1825 - 19 Dec 1878,https://en.wikipedia.org/wiki/Bayard_Taylor
ld1-1643399756728-1643399763122-0,Anne Catharine Hoof Green,c. 1720 - 23 Mar 1775,https://en.wikipedia.org/wiki/Anne_Catherine_Hoof_Green
ld1-1643399756728-1643399763170-1,Levi Parsons Morton,16 May 1824 - 16 May 1920,https://en.wikipedia.org/wiki/Levi_Parsons_Morton
ld1-1643399756728-1643399763261-0,Thomas Hart Benton,14 Mar 1782 - 10 Apr 1858,https://en.wikipedia.org/wiki/Thomas_Hart_Benton_(politician)
ld1-1643399756728-1643399763269-0,Robert Edward Lee,19 Jan 1807 - 12 Oct 1870,https://en.wikipedia.org/wiki/Robert_Edward_Lee
ld1-1643399756728-1643399763316-0,Thomas Jefferson,13 Apr 1743 - 4 Jul 1826,https://en.wikipedia.org/wiki/Thomas_Jefferson
ld1-1643399756728-1643399763440-0,John James Audubon,26 Apr 1785 - 27 Jan 1851,https://en.wikipedia.org/wiki/John_James_Audubon
ld1-1643399756728-1643399763580-1,John Tyler,29 Mar 1790 - 18 Jan 1862,https://en.wikipedia.org/wiki/John_Tyler
ld1-1643399756728-1643399763733-0,Samuel Chase,17 Apr 1741 - 19 Jun 1811,https://en.wikipedia.org/wiki/Samuel_Chase
ld1-1643399756728-1643399763768-1,John Joseph Pershing,13 Sep 1860 - 15 Jul 1948,https://en.wikipedia.org/wiki/John_Joseph_Pershing
ld1-1643399756728-1643399763898-1,Isaac Mayer Wise,29 Mar 1819 - 26 Mar 1900,https://en.wikipedia.org/wiki/Isaac_Mayer_Wise
ld1-1643399756728-1643399763975-0,John Brown,9 May 1800 - 2 Dec 1859,https://en.wikipedia.org/wiki/John_Brown_(abolitionist)
ld1-1643399756728-1643399764050-1,Joel Barlow,24 Mar 1754 - 26 Dec 1812,https://en.wikipedia.org/wiki/Joel_Barlow
ld1-1643399756728-1643399764165-0,Joseph Stalin,21 Dec 1879 - Mar 1953,https://en.wikipedia.org/wiki/Joseph_Stalin
ld1-1643399756728-1643399764193-0,Edith Wharton,24 Jan 1862 - 11 Aug 1937,https://en.wikipedia.org/wiki/Edith_Wharton
ld1-1643399756728-1643399764264-0,James Jerome Hill,16 Sep 1838 - 29 May 1916,https://en.wikipedia.org/wiki/James_Jerome_Hill
ld1-1643399756728-1643399764369-0,Frederick William MacMonnies,28 Sep 1863 - 23 Mar 1937,https://en.wikipedia.org/wiki/Frederick_William_MacMonnies
ld1-1643399756728-1643399764435-0,Martha Washington,2 Jun 1731 - 22 May 1802,https://en.wikipedia.org/wiki/Martha_Washington
ld1-1643399756728-1643399764643-0,Simon Newcomb,12 Mar 1835 - 11 Jul 1909,https://en.wikipedia.org/wiki/Simon_Newcomb
ld1-1643399756728-1643399764655-1,Theodore Roosevelt,27 Oct 1858 - 6 Jan 1919,https://en.wikipedia.org/wiki/Theodore_Roosevelt
ld1-1643399756728-1643399764676-0,Willard Huntington Wright,1888 - 11 Apr 1939,https://en.wikipedia.org/wiki/Willard_Huntington_Wright
ld1-1643399756728-1643399764852-0,George Washington,22 Feb 1732 - 14 Dec 1799,https://en.wikipedia.org/wiki/George_Washington
ld1-1643399756728-1643399764875-0,William Gilmore Simms,17 Apr 1806 - 11 Jun 1870,https://en.wikipedia.org/wiki/William_Gilmore_Simms
ld1-1643399756728-1643399764904-0,Charlotte Saunders Cushman,23 Jul 1816 - 17 Feb 1876,https://en.wikipedia.org/wiki/Charlotte_Saunders_Cushman
ld1-1643399756728-1643399765306-1,Charles Brockden Brown,17 Jan 1771 - 22 Feb 1810,https://en.wikipedia.org/wiki/Charles_Brockden_Brown
ld1-1643399756728-1643399765308-0,Isaac Merrit Singer,27 Oct 1811 - 23 Jul 1875,https://en.wikipedia.org/wiki/Isaac_Merrit_Singer
ld1-1643399756728-1643399765504-1,Andrew Johnson,29 Dec 1808 - 31 Jul 1875,https://en.wikipedia.org/wiki/Andrew_Johnson
ld1-1643399756728-1643399765523-0,Orestes Augustus Brownson,16 Sep 1803 - 17 Apr 1876,https://en.wikipedia.org/wiki/Orestes_Augustus_Brownson
ld1-1643399756728-1643399765725-1,William Morris Hunt,31 Mar 1824 - 8 Sep 1879,https://en.wikipedia.org/wiki/William_Morris_Hunt
ld1-1643399756728-1643399765801-0,Andrew Oliver,28 Mar 1706 - 3 Mar 1774,https://en.wikipedia.org/wiki/Andrew_Oliver
ld1-1643399756728-1643399765815-1,Samuel Francis Du Pont,27 Sep 1803 - 23 Jun 1865,https://en.wikipedia.org/wiki/Samuel_Francis_Du_Pont
ld1-1643399756728-1643399765937-0,Rubens Peale,1784 - 1865,https://en.wikipedia.org/wiki/Rubens_Peale
ld1-1643399756728-1643399765945-0,John Witherspoon,5 Feb 1723 - 15 Nov 1794,https://en.wikipedia.org/wiki/John_Witherspoon
ld1-1643399756728-1643399765989-1,Luman Reed,4 Jun 1781 - 7 Jul 1836,https://en.wikipedia.org/wiki/Luman_Reed
ld1-1643399756728-1643399766217-0,DeWitt Clinton,2 Mar 1769 - 11 Feb 1828,https://en.wikipedia.org/wiki/DeWitt_Clinton
ld1-1643399756728-1643399766217-1,George Washington,22 Feb 1732 - 14 Dec 1799,https://en.wikipedia.org/wiki/George_Washington
ld1-1643399756728-1643399766278-1,Samuel Seabury,30 Nov 1729 - 25 Feb 1796,https://en.wikipedia.org/wiki/Samuel_Seabury
ld1-1643399756728-1643399766282-1,Solomon White Roberts,3 Aug 1811 - 22 Mar 1882,-
ld1-1643399756728-1643399766345-1,William McKinley,29 Jan 1843 - 14 Sep 1901,https://en.wikipedia.org/wiki/William_McKinley
ld1-1643399756728-1643399766359-0,John Quinn,24 Apr 1870 - 28 Jul 1924,https://en.wikipedia.org/wiki/John_Quinn_(collector)
ld1-1643399756728-1643399766370-0,Henry Cabot Lodge,12 May 1850 - 9 Nov 1924,https://en.wikipedia.org/wiki/Henry_Cabot_Lodge
ld1-1643399756728-1643399766371-0,Henry George,2 Sep 1839 - 29 Oct 1897,https://en.wikipedia.org/wiki/Henry_George
ld1-1643399756728-1643399766380-1,Jefferson Davis,3 Jun 1808 - 6 Dec 1889,https://en.wikipedia.org/wiki/Jefferson_Davis
ld1-1643399756728-1643399766513-1,Stephen Grover Cleveland,18 Mar 1837 - 24 Jun 1908,https://en.wikipedia.org/wiki/Stephen_Grover_Cleveland
ld1-1643399756728-1643399766587-1,Abraham Lincoln,12 Feb 1809 - 15 Apr 1865,https://en.wikipedia.org/wiki/Abraham_Lincoln
ld1-1643399756728-1643399766641-1,William Henry Aspinwall,16 Dec 1807 - 18 Jan 1875,https://en.wikipedia.org/wiki/William_Henry_Aspinwall
ld1-1643399756728-1643399766657-1,James Armstrong Thome,20 Jan 1813 - 4 Mar 1873,-
ld1-1643399756728-1643399766677-0,Martha Washington,2 Jun 1731 - 22 May 1802,https://en.wikipedia.org/wiki/Martha_Washington
ld1-1643399756728-1643399767026-0,Edmund Charles Tarbell,26 Apr 1862 - 1 Aug 1938,https://en.wikipedia.org/wiki/Edmund_Charles_Tarbell
ld1-1643399756728-1643399767027-0,John Quincy Adams,11 Jul 1767 - 23 Feb 1848,https://en.wikipedia.org/wiki/John_Quincy_Adams
ld1-1643399756728-1643399767159-1,Zachary Taylor,24 Nov 1784 - 9 Jul 1850,https://en.wikipedia.org/wiki/Zachary_Taylor
ld1-1643399756728-1643399767215-0,John Jay,12 Dec 1745 - 17 May 1829,https://en.wikipedia.org/wiki/John_Jay
ld1-1643399756728-1643399767479-0,Samuel Miles,11 Mar 1740 - 6 Dec 1805,https://en.wikipedia.org/wiki/Samuel_Miles
ld1-1643399756728-1643399767548-1,Mary Newton Foote Henderson,1842 - 1931,https://en.wikipedia.org/wiki/Mary_Foote_Henderson
ld1-1643399756728-1643399767598-1,George Washington,22 Feb 1732 - 14 Dec 1799,https://en.wikipedia.org/wiki/George_Washington
ld1-1643399756728-1643399767617-0,John Singleton Copley,3 Jul 1738 - 9 Sep 1815,https://en.wikipedia.org/wiki/John_Singleton_Copley
ld1-1643399756728-1643399767823-0,Louis Dembitz Brandeis,13 Nov 1856 - 5 Oct 1941,https://en.wikipedia.org/wiki/Louis_Dembitz_Brandeis
ld1-1643399756728-1643399767829-0,Joel Barlow,24 Mar 1754 - 26 Dec 1812,https://en.wikipedia.org/wiki/Joel_Barlow
ld1-1643399756728-1643399767916-0,John Marshall,24 Sep 1755 - 6 Jul 1835,https://en.wikipedia.org/wiki/John_Marshall
ld1-1643399756728-1643399768285-0,John Muir,21 Apr 1838 - 24 Dec 1914,https://en.wikipedia.org/wiki/John_Muir
ld1-1643399756728-1643399768332-1,Cecilia Beaux,1 May 1855 - 17 Sep 1942,https://en.wikipedia.org/wiki/Cecilia_Beaux
ld1-1643399756728-1643399768405-0,Daniel Huntington,14 Oct 1816 - 18 Apr 1906,https://en.wikipedia.org/wiki/Daniel_Huntington_(artist)
ld1-1643399756728-1643399768469-0,Lillian D. Wald,10 Mar 1867 - 1 Sep 1940,https://en.wikipedia.org/wiki/Lillian_D._Wald
ld1-1643399756728-1643399768488-0,Lucretia Coffin Mott,3 Jan 1793 - 11 Nov 1880,https://en.wikipedia.org/wiki/Lucretia_Coffin_Mott
ld1-1643399756728-1643399768586-0,David Wiley,c. 1768 - c. 1813,https://en.wikipedia.org/wiki/David_Wiley_(mayor)
ld1-1643399756728-1643399768628-1,Arthur St. Clair,23 Mar 1737 - 31 Aug 1818,https://en.wikipedia.org/wiki/Arthur_St._Clair
ld1-1643399756728-1643399769106-1,John Marshall,24 Sep 1755 - 6 Jul 1835,https://en.wikipedia.org/wiki/John_Marshall
ld1-1643399756728-1643399769187-0,William Cullen Bryant,3 Nov 1794 - 12 Jun 1878,https://en.wikipedia.org/wiki/William_Cullen_Bryant
ld1-1643399756728-1643399769285-1,Alexander Graham Bell,3 Mar 1847 - 2 Aug 1922,https://en.wikipedia.org/wiki/Alexander_Graham_Bell
ld1-1643399756728-1643399769556-0,William Samuel Johnson,7 Oct 1727 - 14 Nov 1819,https://en.wikipedia.org/wiki/William_Samuel_Johnson
ld1-1643399756728-1643399769687-0,Charles William Eliot,20 Mar 1834 - 22 Aug 1926,https://en.wikipedia.org/wiki/Charles_William_Eliot
ld1-1643399756728-1643399769700-0,William Collins Whitney,5 Jul 1841 - 2 Feb 1904,https://en.wikipedia.org/wiki/William_Collins_Whitney
ld1-1643399756728-1643399769700-1,Stephen Arnold Douglas,23 Apr 1813 - 3 Jun 1861,https://en.wikipedia.org/wiki/Stephen_Arnold_Douglas
ld1-1643399756728-1643399769887-0,Carl Schurz,2 Mar 1829 - 14 May 1906,https://en.wikipedia.org/wiki/Carl_Schurz
ld1-1643399756728-1643399769950-1,Ira Frederick Aldridge,24 Jul 1807 - 10 Aug 1867,https://en.wikipedia.org/wiki/Ira_Frederick_Aldridge
ld1-1643399756728-1643399769954-0,John Summerfield,1798 - 1825,https://en.wikipedia.org/wiki/John_Summerfield
ld1-1643399756728-1643399770085-0,Alfred Bult Mullett,8 Nov 1834 - 20 Oct 1890,https://en.wikipedia.org/wiki/Alfred_Bult_Mullett
ld1-1643399756728-1643399770112-0,Richard Evelyn Byrd,25 Oct 1888 - 11 Mar 1957,https://en.wikipedia.org/wiki/Richard_Evelyn_Byrd
ld1-1643399756728-1643399770120-0,Rufus King,24 Mar 1755 - 29 Apr 1827,https://en.wikipedia.org/wiki/Rufus_King
ld1-1643399756728-1643399770164-0,Henry Cruger,22 Nov 1739 - 24 Apr 1827,https://en.wikipedia.org/wiki/Henry_Cruger
ld1-1643399756728-1643399770206-0,James Robert Mann,20 Oct 1856 - 30 Nov 1922,https://en.wikipedia.org/wiki/James_Robert_Mann_(Illinois_politician)
ld1-1643399756728-1643399770207-0,George Fuller,17 Jan 1822 - 21 Mar 1884,https://en.wikipedia.org/wiki/George_Fuller_(painter)
ld1-1643399756728-1643399770249-1,Henry Wadsworth Longfellow,27 Feb 1807 - 24 Mar 1882,https://en.wikipedia.org/wiki/Henry_Wadsworth_Longfellow
ld1-1643399756728-1643399770256-0,Sarah Porter,16 Aug 1813 - 17 Feb 1900,https://en.wikipedia.org/wiki/Sarah_Porter
ld1-1643399756728-1643399770308-0,Ulysses Simpson Grant,27 Apr 1822 - 23 Jul 1885,https://en.wikipedia.org/wiki/Ulysses_Simpson_Grant
ld1-1643399756728-1643399770384-0,Samuel Myer Isaacs,4 Jan 1804 - 19 May 1878,https://en.wikipedia.org/wiki/Samuel_Myer_Isaacs
ld1-1643399756728-1643399770422-1,Cass Gilbert,24 Nov 1859 - 17 May 1934,https://en.wikipedia.org/wiki/Cass_Gilbert
ld1-1643399756728-1643399770479-0,James Abram Garfield,19 Nov 1831 - 19 Sep 1881,https://en.wikipedia.org/wiki/James_Abram_Garfield
ld1-1643399756728-1643399770588-0,Winfield Scott,13 Jun 1786 - 29 May 1866,https://en.wikipedia.org/wiki/Winfield_Scott
ld1-1643399756728-1643399770653-0,Thomas Jonathan Jackson,21 Jan 1824 - 10 May 1863,https://en.wikipedia.org/wiki/Thomas_Jonathan_Jackson
ld1-1643399756728-1643399770790-1,Albert James Myer,20 Sep 1828 - 24 Aug 1880,https://en.wikipedia.org/wiki/Albert_James_Myer
ld1-1643399756728-1643399770797-0,Daniel Webster,18 Jan 1782 - 24 Oct 1852,https://en.wikipedia.org/wiki/Daniel_Webster
ld1-1643399756728-1643399770862-0,John Armstrong,25 Nov 1758 - 1 Apr 1843,https://en.wikipedia.org/wiki/John_Armstrong_Jr.
ld1-1643399756728-1643399771029-0,Minnie Maddern Fiske,19 Dec 1865 - 15 Feb 1932,https://en.wikipedia.org/wiki/Minnie_Maddern_Fiske
ld1-1643399756728-1643399771096-0,John Cabell Breckinridge,15 Jan 1821 - 17 May 1875,https://en.wikipedia.org/wiki/John_Cabell_Breckinridge
ld1-1643399756728-1643399771171-0,Woodrow Wilson,28 Dec 1856 - 3 Feb 1924,https://en.wikipedia.org/wiki/Woodrow_Wilson
ld1-1643399756728-1643399771222-0,Samuel Jones Tilden,9 Feb 1814 - 4 Aug 1886,https://en.wikipedia.org/wiki/Samuel_Jones_Tilden
ld1-1643399756728-1643399771247-0,John Merven Carrere,9 Nov 1858 - 1 Mar 1911,https://en.wikipedia.org/wiki/John_Merven_Carrere
ld1-1643399756728-1643399771328-0,Gilbert Stuart,3 Dec 1755 - 9 Jul 1828,https://en.wikipedia.org/wiki/Gilbert_Stuart
ld1-1643399756728-1643399771337-0,James Madison,16 Mar 1751 - 28 Jun 1836,https://en.wikipedia.org/wiki/James_Madison
ld1-1643399756728-1643399771338-0,Montgomery Blair,10 May 1813 - 27 Jul 1883,https://en.wikipedia.org/wiki/Montgomery_Blair
ld1-1643399756728-1643399771340-1,John Howard Raymond,7 Mar 1814 - 14 Aug 1878,https://en.wikipedia.org/wiki/John_Howard_Raymond
ld1-1643399756728-1643399771391-0,Henry Ward Ranger,29 Jan 1858 - 7 Nov 1916,https://en.wikipedia.org/wiki/Henry_Ward_Ranger
ld1-1643399756728-1643399771527-0,Bessie Potter Vonnoh,12 Aug 1872 - 8 Mar 1955,https://en.wikipedia.org/wiki/Bessie_Potter_Vonnoh
ld1-1643399756728-1643399771558-0,William Bainbridge,7 May 1774 - 27 Jul 1833,https://en.wikipedia.org/wiki/William_Bainbridge
ld1-1643399756728-1643399771606-0,Henry Lee,29 Jan 1756 - 25 Mar 1818,https://en.wikipedia.org/wiki/Henry_Lee_III
ld1-1643399756728-1643399771651-0,William Wirt,8 Nov 1772 - 18 Feb 1834,https://en.wikipedia.org/wiki/William_Wirt_(attorney_general)
ld1-1643399756728-1643399771725-0,Edward Everett Hale,3 Apr 1822 - 10 Jun 1909,https://en.wikipedia.org/wiki/Edward_Everett_Hale
ld1-1643399756728-1643399771918-1,James Knox Polk,2 Nov 1795 - 15 Jun 1849,https://en.wikipedia.org/wiki/James_Knox_Polk
ld1-1643399756728-1643399771997-1,Robert King Carter,1663 - 4 Aug 1732,https://en.wikipedia.org/wiki/Robert_Carter_I
ld1-1643399756728-1643399772240-0,Benjamin Helm Bristow,20 Jun 1832 - 22 Jun 1896,https://en.wikipedia.org/wiki/Benjamin_Helm_Bristow
ld1-1643399756728-1643399772288-0,Daniel Boone,11 Feb 1734 - 26 Sep 1820,https://en.wikipedia.org/wiki/Daniel_Boone
ld1-1643399756728-1643399772373-0,Benjamin B. Lindsey,25 Nov 1869 - 26 Mar 1943,https://en.wikipedia.org/wiki/Ben_B._Lindsey
ld1-1643399756728-1643399772444-1,Nathaniel Hawthorne,4 Jul 1804 - 19 May 1864,https://en.wikipedia.org/wiki/Nathaniel_Hawthorne
ld1-1643399756728-1643399772446-0,Abraham Lincoln,12 Feb 1809 - 15 Apr 1865,https://en.wikipedia.org/wiki/Abraham_Lincoln
ld1-1643399756728-1643399772453-0,Collis Potter Huntington,22 Oct 1821 - 13 Aug 1900,https://en.wikipedia.org/wiki/Collis_Potter_Huntington
ld1-1643399756728-1643399772488-0,John Middleton Clayton,24 Jul 1796 - 9 Nov 1856,https://en.wikipedia.org/wiki/John_Middleton_Clayton
ld1-1643399756728-1643399772951-0,Robley Dunglison Evans,18 Aug 1846 - 3 Jan 1912,https://en.wikipedia.org/wiki/Robley_D._Evans_(admiral)
ld1-1643399756728-1643399772975-1,George Clinton,26 Jul 1739 - 20 Apr 1812,https://en.wikipedia.org/wiki/George_Clinton_(vice_president)
ld1-1643399756728-1643399773250-1,Elisha Kent Kane,3 Feb 1820 - 16 Feb 1857,https://en.wikipedia.org/wiki/Elisha_Kent_Kane
ld1-1643399756728-1643399773325-0,George Gershwin,26 Sep 1898 - 11 Jul 1937,https://en.wikipedia.org/wiki/George_Gershwin
ld1-1643399756728-1643399773608-0,William Clark,1 Aug 1770 - 1 Sep 1838,https://en.wikipedia.org/wiki/William_Clark
ld1-1643399756728-1643399773743-1,Andrew Jackson,15 Mar 1767 - 8 Jun 1845,https://en.wikipedia.org/wiki/Andrew_Jackson
ld1-1643399756728-1643399773777-0,Frances Folsom Cleveland,21 Jul 1864 - 29 Oct 1947,https://en.wikipedia.org/wiki/Frances_Folsom_Cleveland
ld1-1643399756728-1643399773848-1,John Russwurm,1 Oct 1799 - 9 Jun 1851,https://en.wikipedia.org/wiki/John_Russwurm
ld1-1643399756728-1643399773959-0,Alexander Hamilton,11 Jan 1757 - 11 Jul 1804,https://en.wikipedia.org/wiki/Alexander_Hamilton
ld1-1643399756728-1643399773993-0,John Caldwell Calhoun,18 Mar 1782 - 31 Mar 1850,https://en.wikipedia.org/wiki/John_Caldwell_Calhoun
ld1-1643399756728-1643399774008-1,Mary Stevenson Cassatt,22 May 1844 - 14 Jun 1926,https://en.wikipedia.org/wiki/Mary_Stevenson_Cassatt
ld1-1643399756728-1643399774026-0,John Jacob Astor,17 Jul 1763 - 29 Mar 1848,https://en.wikipedia.org/wiki/John_Jacob_Astor
ld1-1643399756728-1643399774260-1,Ernest Lawson,22 Mar 1873 - 18 Dec 1939,https://en.wikipedia.org/wiki/Ernest_Lawson
ld1-1643399756728-1643399774346-1,William Howard Taft,15 Sep 1857 - 8 Mar 1930,https://en.wikipedia.org/wiki/William_Howard_Taft
ld1-1643399756728-1643399774434-0,Pocahontas,c. 1590 - Mar 1617,https://en.wikipedia.org/wiki/Pocahontas
ld1-1643399756728-1643399774620-0,Herbert Clark Hoover,10 Aug 1874 - 20 Oct 1964,https://en.wikipedia.org/wiki/Herbert_Clark_Hoover
ld1-1643399756728-1643399774760-0,Julia Ward Howe,27 May 1819 - 17 Oct 1910,https://en.wikipedia.org/wiki/Julia_Ward_Howe
ld1-1643399756728-1643399774891-0,Andrew Jackson,15 Mar 1767 - 8 Jun 1845,https://en.wikipedia.org/wiki/Andrew_Jackson
ld1-1643399756728-1643399775034-1,Newton Booth Tarkington,29 Jul 1869 - 19 May 1946,https://en.wikipedia.org/wiki/Newton_Booth_Tarkington
ld1-1643399756728-1643399775097-0,Thomas McKean,19 Mar 1734 - 24 Jun 1817,https://en.wikipedia.org/wiki/Thomas_McKean
ld1-1643399756728-1643399775098-0,Robert Hare,17 Jan 1781 - 15 May 1858,https://en.wikipedia.org/wiki/Robert_Hare_(chemist)
ld1-1643399756728-1643399775214-1,Franklin Pierce,23 Nov 1804 - 8 Oct 1869,https://en.wikipedia.org/wiki/Franklin_Pierce
ld1-1643399756728-1643399775247-0,Thomas Corwin Mendenhall,4 Oct 1841 - 33 Mar 1924,https://en.wikipedia.org/wiki/Thomas_Corwin_Mendenhall
ld1-1643399756728-1643399775344-0,Henry Clay,12 Apr 1777 - 29 Jun 1852,https://en.wikipedia.org/wiki/Henry_Clay
ld1-1643399756728-1643399775355-1,William Cullen Bryant,3 Nov 1794 - 12 Jun 1878,https://en.wikipedia.org/wiki/William_Cullen_Bryant
ld1-1643399756728-1643399775436-0,Andrew Carnegie,25 Nov 1835 - 11 Aug 1919,https://en.wikipedia.org/wiki/Andrew_Carnegie
ld1-1643399756728-1643399775512-0,Daniel Webster,18 Jan 1782 - 24 Oct 1852,https://en.wikipedia.org/wiki/Daniel_Webster
ld1-1643399756728-1643399775513-0,William Moultrie,1730 - 27 Sep 1805,https://en.wikipedia.org/wiki/William_Moultrie
ld1-1643399756728-1643399775645-1,Gustavus Franklin Swift,24 Jun 1839 - 29 Mar 1903,https://en.wikipedia.org/wiki/Gustavus_Franklin_Swift
ld1-1643399756728-1643399775654-0,Thomas Benedict Clarke,11 Dec 1848 - 18 Jan 1931,https://en.wikipedia.org/wiki/Thomas_Benedict_Clarke
ld1-1643399756728-1643399775761-1,Martin Van Buren,5 Dec 1782 - 24 Jul 1862,https://en.wikipedia.org/wiki/Martin_Van_Buren
ld1-1643399756728-1643399775832-0,James Madison,16 Mar 1751 - 28 Jun 1836,https://en.wikipedia.org/wiki/James_Madison
ld1-1643399756728-1643399775849-0,James Wilkinson,24 Mar 1757 - 28 Dec 1825,https://en.wikipedia.org/wiki/James_Wilkinson
ld1-1643399756728-1643399775956-0,Bp. George Berkeley,12 Mar 1685 - 14 Jan 1753,https://en.wikipedia.org/wiki/George_Berkeley
ld1-1643399756728-1643399776020-0,Abraham Lincoln,12 Feb 1809 - 15 Apr 1865,https://en.wikipedia.org/wiki/Abraham_Lincoln
ld1-1643399756728-1643399776050-0,Charles Cotesworth Pinckney,25 Feb 1746 - 25 Aug 1825,https://en.wikipedia.org/wiki/Charles_Cotesworth_Pinckney
ld1-1643399756728-1643399776079-1,Richard Alexander F. Penrose Jr.,17 Dec 1863 - 31 Jul 1931,https://en.wikipedia.org/wiki/R._A._F._Penrose_Jr.
ld1-1643399756728-1643399776164-0,Elizabeth Washington Gamble Wirt,30 Jan 1784 - 24 Jan 1857,https://en.wikipedia.org/wiki/Elizabeth_Washington_Gamble_Wirt
ld1-1643399756728-1643399776305-0,Edwin Thomas Booth,13 Nov 1833 - 7 Jun 1893,https://en.wikipedia.org/wiki/Edwin_Thomas_Booth
ld1-1643399756728-1643399776519-1,James Johnson,1 Jan 1774 - 13 Aug 1826,https://en.wikipedia.org/wiki/James_Johnson_(Kentucky_politician)
ld1-1643399756728-1643399776577-0,James Smithson,c. 1765 - 1829,https://en.wikipedia.org/wiki/James_Smithson
ld1-1643399756728-1643399776704-0,Joseph Henry,17 Dec 1797 - 13 May 1878,https://en.wikipedia.org/wiki/Joseph_Henry
ld1-1643399756728-1643399776764-0,Arvid Frederick Nyholm,1866 - 1927,https://en.wikipedia.org/wiki/Arvid_Nyholm
ld1-1643399756728-1643399776955-0,Edwin Forrest,9 Mar 1806 - 12 Dec 1872,https://en.wikipedia.org/wiki/Edwin_Forrest
ld1-1643399756728-1643399777010-0,John Wesley Powell,24 Mar 1834 - 23 Sep 1902,https://en.wikipedia.org/wiki/John_Wesley_Powell
ld1-1643399756728-1643399777112-0,Simon Cameron,8 Mar 1799 - 25 Jun 1889,https://en.wikipedia.org/wiki/Simon_Cameron
ld1-1643399756728-1643399777228-0,William McKinley,29 Jan 1843 - 14 Sep 1901,https://en.wikipedia.org/wiki/William_McKinley
ld1-1643399756728-1643399777280-0,Francis Davis Millet,3 Nov 1846 - 15 Apr 1912,https://en.wikipedia.org/wiki/Francis_Davis_Millet
ld1-1643399756728-1643399777297-1,Noah Webster,16 Oct 1758 - 28 May 1843,https://en.wikipedia.org/wiki/Noah_Webster
ld1-1643399756728-1643399777333-0,Joseph Warren,11 Jun 1741 - 17 Jun 1775,https://en.wikipedia.org/wiki/Joseph_Warren
ld1-1643399756728-1643399777566-1,James Monroe,28 Apr 1758 - 4 Jul 1831,https://en.wikipedia.org/wiki/James_Monroe
ld1-1643399756728-1643399777728-1,Lewis Morris,8 Apr 1726 - 22 Jan 1798,https://en.wikipedia.org/wiki/Lewis_Morris
ld1-1643399756728-1643399777876-0,William McKinley,29 Jan 1843 - 14 Sep 1901,https://en.wikipedia.org/wiki/William_McKinley
ld1-1643399756728-1643399777928-0,Leonard Wood,9 Oct 1860 - 7 Aug 1927,https://en.wikipedia.org/wiki/Leonard_Wood
ld1-1643399756728-1643399778072-0,Ulysses Simpson Grant,27 Apr 1822 - 23 Jul 1885,https://en.wikipedia.org/wiki/Ulysses_Simpson_Grant
ld1-1643399756728-1643399778419-0,George Washington,22 Feb 1732 - 14 Dec 1799,https://en.wikipedia.org/wiki/George_Washington
ld1-1643399756728-1643399778440-0,Joseph Henry,17 Dec 1797 - 13 May 1878,https://en.wikipedia.org/wiki/Joseph_Henry
ld1-1643399756728-1643399778453-0,Henry Clay,12 Apr 1777 - 29 Jun 1852,https://en.wikipedia.org/wiki/Henry_Clay
ld1-1643399756728-1643399778546-0,Philip Henry Sheridan,6 Mar 1831 - 5 Aug 1888,https://en.wikipedia.org/wiki/Philip_Henry_Sheridan
ld1-1643399756728-1643399778728-0,Washington Irving,3 Apr 1783 - 28 Nov 1859,https://en.wikipedia.org/wiki/Washington_Irving
ld1-1643399756728-1643399778819-1,Charles Lee,Jul 1758 - 24 Jun 1815,https://en.wikipedia.org/wiki/Charles_Lee_(Attorney_General)
ld1-1643399756728-1643399778936-0,Franklin Delano Roosevelt,30 Jan 1882 - 12 Apr 1945,https://en.wikipedia.org/wiki/Franklin_Delano_Roosevelt
ld1-1643399756728-1643399778992-0,Rutherford Birchard Hayes,4 Oct 1822 - 17 Jan 1893,https://en.wikipedia.org/wiki/Rutherford_Birchard_Hayes
ld1-1643399756728-1643399779224-0,Charles Nagel,9 Aug 1849 - 1940,https://en.wikipedia.org/wiki/Charles_Nagel
ld1-1643399756728-1643399779289-0,Joseph Eggleston Johnston,3 Feb 1807 - 21 Mar 1891,https://en.wikipedia.org/wiki/Joseph_Eggleston_Johnston
ld1-1643399756728-1643399779356-0,Edith Bolling Galt Wilson,15 Oct 1872 - 28 Dec 1961,https://en.wikipedia.org/wiki/Edith_Bolling_Galt_Wilson
ld1-1643399756728-1643399779357-0,Daniel of St. Thomas Jenifer,1723 - 16 Nov 1790,https://en.wikipedia.org/wiki/Daniel_of_St._Thomas_Jenifer
ld1-1643399756728-1643399779432-0,Julius Bien,Sep 1826 - 1909,https://en.wikipedia.org/wiki/Julius_Bien
ld1-1643399756728-1643399779444-0,Abbott Handerson Thayer,12 Aug 1849 - 29 May 1921,https://en.wikipedia.org/wiki/Abbott_Handerson_Thayer
ld1-1643399756728-1643399779615-0,William Henry Harrison,9 Feb 1773 - 4 Apr 1841,https://en.wikipedia.org/wiki/William_Henry_Harrison
ld1-1643399756728-1643399779710-0,Charles Carroll Glover,24 Nov 1846 - 25 Feb 1936,https://en.wikipedia.org/wiki/Charles_Carroll_Glover
ld1-1643399756728-1643399780139-0,John Morgan,10 Jun 1735 - 15 Oct 1789,https://en.wikipedia.org/wiki/John_Morgan_(physician)
ld1-1643399756728-1643399780151-0,John Quinn,24 Apr 1870 - 28 Jul 1924,https://en.wikipedia.org/wiki/John_Quinn_(collector)
ld1-1643399756728-1643399780192-0,Salmon Portland Chase,13 Jan 1808 - 7 May 1873,https://en.wikipedia.org/wiki/Salmon_Portland_Chase
ld1-1643399756728-1643399780302-0,Frederick Augustus Conrad Muhlenberg,1 Jan 1750 - 4 Jun 1801,https://en.wikipedia.org/wiki/Frederick_Augustus_Conrad_Muhlenberg
ld1-1643399756728-1643399780306-0,Talcott Williams,20 Jul 1849 - 24 Jan 1928,https://en.wikipedia.org/wiki/Talcott_Williams
ld1-1643399756728-1643399780426-0,George Brinton McClellan,3 Dec 1826 - 29 Oct 1885,https://en.wikipedia.org/wiki/George_Brinton_McClellan
ld1-1643399756728-1643399780428-0,Neville Chamberlain,18 Mar 1869 - 9 Nov 1940,https://en.wikipedia.org/wiki/Neville_Chamberlain
ld1-1643399756728-1643399780474-1,Woodrow Wilson,28 Dec 1856 - 3 Feb 1924,https://en.wikipedia.org/wiki/Woodrow_Wilson
ld1-1643399756728-1643399780511-1,John Henry Patterson,13 Dec 1844 - 7 May 1922,https://en.wikipedia.org/wiki/John_Henry_Patterson_(NCR_owner)
ld1-1643399756728-1643399780600-0,Abraham Lincoln,12 Feb 1809 - 15 Apr 1865,https://en.wikipedia.org/wiki/Abraham_Lincoln
ld1-1643399756728-1643399780813-0,William Temple Hornaday,1 Dec 1854 - 6 Mar 1937,https://en.wikipedia.org/wiki/William_Temple_Hornaday
ld1-1643399756728-1643399781408-0,William Baxter Palmer Closson,1848 - 1926,https://en.wikipedia.org/wiki/William_Closson
ld1-1643399756728-1643399781540-0,Samuel Finley Breese Morse,27 Apr 1791 - 2 Apr 1872,https://en.wikipedia.org/wiki/Samuel_Finley_Breese_Morse
ld1-1643399756728-1643399781548-1,William James,11 Jan 1842 - 26 Aug 1910,https://en.wikipedia.org/wiki/William_James
ld1-1643399756728-1643399781681-1,Van Wyck Brooks,16 Feb 1886 - 2 May 1963,https://en.wikipedia.org/wiki/Van_Wyck_Brooks
ld1-1643399756728-1643399781695-0,George Clymer,16 Mar 1739 - 25 Jan 1813,https://en.wikipedia.org/wiki/George_Clymer
ld1-1643399756728-1643399781893-1,Chief Joseph,c. 1840 - 21 Sep 1904,https://en.wikipedia.org/wiki/Chief_Joseph
ld1-1643399756728-1643399781968-1,James Gibbons,23 Jul 1834 - 24 Mar 1921,https://en.wikipedia.org/wiki/James_Gibbons
ld1-1643399756728-1643399782013-0,Louis Michel Eilshemius,4 Feb 1864 - 29 Dec 1941,https://en.wikipedia.org/wiki/Louis_Michel_Eilshemius
ld1-1643399756728-1643399782123-0,John Bigelow,25 Nov 1817 - 19 Dec 1911,https://en.wikipedia.org/wiki/John_Bigelow
ld1-1643399756728-1643399782482-1,John Russell Pope,1874 - 1937,https://en.wikipedia.org/wiki/John_Russell_Pope
ld1-1643399756728-1643399782898-0,Charles Willson Peale,15 Apr 1741 - 22 Feb 1827,https://en.wikipedia.org/wiki/Charles_Willson_Peale
ld1-1643399756728-1643399783086-0,George Dewey,26 Dec 1837 - 16 Jan 1917,https://en.wikipedia.org/wiki/George_Dewey
ld1-1643399756728-1643399783121-0,Franklin Pierce,23 Nov 1804 - 8 Oct 1869,https://en.wikipedia.org/wiki/Franklin_Pierce
ld1-1643399756728-1643399783258-0,William Auerbach-Levy,1889 - 1964,https://en.wikipedia.org/wiki/William_Auerbach-Levy
ld1-1643399756728-1643399783447-0,James Buchanan Duke,23 Dec 1856 - 10 Oct 1925,https://en.wikipedia.org/wiki/James_Buchanan_Duke
ld1-1643399756728-1643399783693-0,David Edward Finley,13 Sep 1890 - 1 Feb 1977,https://en.wikipedia.org/wiki/David_Edward_Finley
ld1-1643399756728-1643399783706-1,Frank Duveneck,9 Oct 1848 - 3 Jan 1919,https://en.wikipedia.org/wiki/Frank_Duveneck
ld1-1643399756728-1643399783814-0,Charles Evans Hughes,11 Apr 1862 - 27 Aug 1948,https://en.wikipedia.org/wiki/Charles_Evans_Hughes
ld1-1643399756728-1643399783819-1,Lyman Beecher,12 Oct 1775 - 10 Jan 1863,https://en.wikipedia.org/wiki/Lyman_Beecher
ld1-1643399756728-1643399783881-0,William Page,Jan 1811 - 30 Sep 1885,https://en.wikipedia.org/wiki/William_Page_(painter)
ld1-1643399756728-1643399783947-0,Lady Mary Victoria Leiter Curzon,27 May 1870 - 18 Jul 1906,"https://en.wikipedia.org/wiki/Mary_Curzon,_Baroness_Curzon_of_Kedleston"
ld1-1643399756728-1643399783950-0,William Franklin Draper,9 Apr 1842 - 28 Jan 1910,https://en.wikipedia.org/wiki/William_Franklin_Draper_(politician)
ld1-1643399756728-1643399784011-0,John Randolph,2 Jun 1773 - 24 May 1833,https://en.wikipedia.org/wiki/John_Randolph_of_Roanoke
ld1-1643399756728-1643399784149-1,Benjamin Strong,1872 - 1928,https://en.wikipedia.org/wiki/Benjamin_Strong
ld1-1643399756728-1643399784632-1,Patience Lovell Wright,1725 - 23 Mar 1786,https://en.wikipedia.org/wiki/Patience_Lovell_Wright
ld1-1643399756728-1643399784769-0,Benjamin O'Fallon,20 Sep 1793 - 17 Dec 1842,https://en.wikipedia.org/wiki/Benjamin_O'Fallon
ld1-1643399756728-1643399784822-0,Thomas Stone,1743 - 5 Oct 1787,https://en.wikipedia.org/wiki/Thomas_Stone
ld1-1643399756728-1643399784823-0,George Benjamin Luks,13 Aug 1867 - 29 Oct 1933,https://en.wikipedia.org/wiki/George_Benjamin_Luks
ld1-1643399756728-1643399784891-0,Edward Hicks,4 Apr 1780 - 23 Aug 1849,https://en.wikipedia.org/wiki/Edward_Hicks
ld1-1643399756728-1643399784979-1,Elizabeth Cady Stanton,12 Nov 1815 - 26 Oct 1902,https://en.wikipedia.org/wiki/Elizabeth_Cady_Stanton
ld1-1643399756728-1643399784998-1,John Brooks Henderson,16 Nov 1826 - 12 Apr 1913,https://en.wikipedia.org/wiki/John_Brooks_Henderson
ld1-1643399756728-1643399785020-0,James Monroe,28 Apr 1758 - 4 Jul 1831,https://en.wikipedia.org/wiki/James_Monroe
ld1-1643399756728-1643399785058-0,William James Glackens,13 Mar 1870 - 22 May 1938,https://en.wikipedia.org/wiki/William_James_Glackens
ld1-1643399756728-1643399785122-1,Joseph Delaplaine,20 Dec 1777 - 31 May 1824,-
ld1-1643399756728-1643399785169-1,James Cochran Dobbin,1814 - 4 Aug 1857,https://en.wikipedia.org/wiki/James_Cochran_Dobbin
ld1-1643399756728-1643399785306-1,John Adolphus Bernard Dahlgren,13 Nov 1809 - 12 Jul 1870,https://en.wikipedia.org/wiki/John_Adolphus_Bernard_Dahlgren
ld1-1643399756728-1643399785378-0,Enoch Crosby,4 Jan 1750 - 26 Jun 1835,https://en.wikipedia.org/wiki/Enoch_Crosby
ld1-1643399756728-1643399785385-1,Carl Wimar,19 Feb 1828 - 28 Nov 1862,https://en.wikipedia.org/wiki/Carl_Wimar
ld1-1643399756728-1643399785568-0,Robert Milligan McLane,23 Jun 1815 - 16 Apr 1898,https://en.wikipedia.org/wiki/Robert_Milligan_McLane
ld1-1643399756728-1643399785611-0,Joseph Henry,17 Dec 1797 - 13 May 1878,https://en.wikipedia.org/wiki/Joseph_Henry
ld1-1643399756728-1643399785746-0,William Lloyd Garrison,10 Dec 1805 - 24 May 1879,https://en.wikipedia.org/wiki/William_Lloyd_Garrison
ld1-1643399756728-1643399785927-0,Joseph Clay Neal,3 Feb 1807 - 17 Jul 1847,-
ld1-1643399756728-1643399786085-1,George Read,18 Sep 1733 - 21 Sep 1798,"https://en.wikipedia.org/wiki/George_Read_(American_politician,_born_1733)"
ld1-1643399756728-1643399786099-0,Lucy May Stanton,22 May 1875 - 19 Mar 1931,https://en.wikipedia.org/wiki/Lucy_May_Stanton
ld1-1643399756728-1643399786260-1,John Paul Jones,6 Jul 1747 - 18 Jul 1792,https://en.wikipedia.org/wiki/John_Paul_Jones
ld1-1643399756728-1643399786371-0,John Randolph,2 Jun 1773 - 24 May 1833,https://en.wikipedia.org/wiki/John_Randolph_of_Roanoke
ld1-1643399756728-1643399786372-1,Gen. George Rogers Clark,19 Nov 1752 - 13 Feb 1818,https://en.wikipedia.org/wiki/George_Rogers_Clark
ld1-1643399756728-1643399786458-1,Prince Paul of Yugoslavia,1893 - 1976,https://en.wikipedia.org/wiki/Prince_Paul_of_Yugoslavia
ld1-1643399756728-1643399786495-0,John Quincy Adams Ward,29 Jun 1830 - 1 May 1910,https://en.wikipedia.org/wiki/John_Quincy_Adams_Ward
ld1-1643399756728-1643399786705-1,Sequoyah,c. 1770 - Aug 1843,https://en.wikipedia.org/wiki/Sequoyah
ld1-1643399756728-1643399786753-0,Stephen Decatur Jr.,5 Jan 1779 - 22 Mar 1820,https://en.wikipedia.org/wiki/Stephen_Decatur_Jr.
ld1-1643399756728-1643399786991-0,George Peabody,18 Feb 1795 - 4 Nov 1869,https://en.wikipedia.org/wiki/George_Peabody
ld1-1643399756728-1643399787054-0,James Smithson,c. 1765 - 1829,https://en.wikipedia.org/wiki/James_Smithson
ld1-1643399756728-1643399787065-0,John Joseph Pershing,13 Sep 1860 - 15 Jul 1948,https://en.wikipedia.org/wiki/John_Joseph_Pershing
ld1-1643399756728-1643399787156-1,William Trost Richards,14 Nov 1833 - 8 Nov 1905,https://en.wikipedia.org/wiki/William_Trost_Richards
ld1-1643399756728-1643399787158-0,John Jay Chapman,2 Mar 1862 - 4 Nov 1933,https://en.wikipedia.org/wiki/John_Jay_Chapman
ld1-1643399756728-1643399787164-0,William Starke Rosecrans,6 Sep 1819 - 11 Mar 1898,https://en.wikipedia.org/wiki/William_Starke_Rosecrans
ld1-1643399756728-1643399787175-0,James Buchanan,21 Apr 1791 - 1 Jun 1868,https://en.wikipedia.org/wiki/James_Buchanan
ld1-1643399756728-1643399787223-1,Robert Richford Roberts,2 Aug 1778 - 26 Mar 1843,https://en.wikipedia.org/wiki/Robert_Richford_Roberts
ld1-1643399756728-1643399787314-0,Benjamin Silliman,8 Aug 1779 - 24 Nov 1864,https://en.wikipedia.org/wiki/Benjamin_Silliman
ld1-1643399756728-1643399787327-0,Yehudi Menuhin,22 Apr 1916 - 12 Mar 1999,https://en.wikipedia.org/wiki/Yehudi_Menuhin
ld1-1643399756728-1643399787337-0,Robert Francis Kennedy,20 Nov 1925 - 6 Jun 1968,https://en.wikipedia.org/wiki/Robert_Francis_Kennedy
ld1-1643399756728-1643399787521-0,Francis Patrick Garvan,13 Jun 1875 - 7 Nov 1937,https://en.wikipedia.org/wiki/Francis_Patrick_Garvan
ld1-1643399756728-1643399787563-1,Catahecassa,c. 1740 - 1831,https://en.wikipedia.org/wiki/Catahecassa
ld1-1643399756728-1643399787739-0,Susan Brownell Anthony,15 Feb 1820 - 13 Mar 1906,https://en.wikipedia.org/wiki/Susan_Brownell_Anthony
ld1-1643399756728-1643399787788-0,Rutherford Birchard Hayes,4 Oct 1822 - 17 Jan 1893,https://en.wikipedia.org/wiki/Rutherford_Birchard_Hayes
ld1-1643399756728-1643399788347-0,Richard Rush,29 Aug 1780 - 30 Jul 1859,https://en.wikipedia.org/wiki/Richard_Rush
ld1-1643399756728-1643399788382-0,James Abbott McNeill Whistler,11 Jul 1834 - 17 Jul 1903,https://en.wikipedia.org/wiki/James_Abbott_McNeill_Whistler
ld1-1643399756728-1643399788383-1,Zachary Taylor,24 Nov 1784 - 9 Jul 1850,https://en.wikipedia.org/wiki/Zachary_Taylor
ld1-1643399756728-1643399788481-1,Samuel Smith,27 Jul 1752 - 22 Apr 1839,https://en.wikipedia.org/wiki/Samuel_Smith_(Maryland_politician)
ld1-1643399756728-1643399788694-0,Chester Alan Arthur,5 Oct 1829 - 18 Nov 1886,https://en.wikipedia.org/wiki/Chester_Alan_Arthur
ld1-1643399756728-1643399788881-0,John Adams,30 Oct 1735 - 4 Jul 1826,https://en.wikipedia.org/wiki/John_Adams
ld1-1643399756728-1643399788930-0,Daniel Webster,18 Jan 1782 - 24 Oct 1852,https://en.wikipedia.org/wiki/Daniel_Webster
ld1-1643399756728-1643399789115-2,Henry Clay,12 Apr 1777 - 29 Jun 1852,https://en.wikipedia.org/wiki/Henry_Clay
ld1-1643399756728-1643399789205-1,Samuel Jones Tilden,9 Feb 1814 - 4 Aug 1886,https://en.wikipedia.org/wiki/Samuel_Jones_Tilden
ld1-1643399756728-1643399789217-1,Robert Morris,31 Jan 1734 - 8 May 1806,https://en.wikipedia.org/wiki/Robert_Morris_(financier)
ld1-1643399756728-1643399789247-1,Thomas Alva Edison,11 Feb 1847 - 18 Oct 1931,https://en.wikipedia.org/wiki/Thomas_Alva_Edison
ld1-1643399756728-1643399789306-0,John Quincy Adams,11 Jul 1767 - 23 Feb 1848,https://en.wikipedia.org/wiki/John_Quincy_Adams
ld1-1643399756728-1643399789378-0,Dolley Dandridge Payne Todd Madison,20 May 1768 - 12 Jul 1849,https://en.wikipedia.org/wiki/Dolley_Madison
ld1-1643399756728-1643399789379-0,Harriet Elizabeth Beecher Stowe,14 Jun 1811 - 1 Jul 1896,https://en.wikipedia.org/wiki/Harriet_Elizabeth_Beecher_Stowe
ld1-1643399756728-1643399789381-0,William Shirley,1694 - 24 Mar 1771,https://en.wikipedia.org/wiki/William_Shirley
ld1-1643399756728-1643399789392-0,Paul Wayland Bartlett,24 Jan 1865 - 20 Sep 1925,https://en.wikipedia.org/wiki/Paul_Wayland_Bartlett
ld1-1643399756728-1643399789466-0,Joel Chandler Harris,9 Dec 1848 - 3 Jul 1908,https://en.wikipedia.org/wiki/Joel_Chandler_Harris
ld1-1643399756728-1643399789498-0,Cyrus Hall McCormick,15 Feb 1809 - 13 May 1884,https://en.wikipedia.org/wiki/Cyrus_Hall_McCormick
ld1-1643399756728-1643399789619-0,John Jordan Crittenden,10 Sep 1787 - 26 Jul 1863,https://en.wikipedia.org/wiki/John_Jordan_Crittenden
ld1-1643399756728-1643399789630-0,Col. Lewis Morris IV,1752? - 1824,-
ld1-1643399756728-1643399789674-0,Stephen Grover Cleveland,18 Mar 1837 - 24 Jun 1908,https://en.wikipedia.org/wiki/Stephen_Grover_Cleveland
ld1-1643399756728-1643399789745-0,Ulysses Simpson Grant,27 Apr 1822 - 23 Jul 1885,https://en.wikipedia.org/wiki/Ulysses_Simpson_Grant
ld1-1643399756728-1643399789889-1,Jean Baptiste Donatien de Vimeur Rochambeau,1 Jul 1725 - 10 May 1807,https://en.wikipedia.org/wiki/Jean_Baptiste_Donatien_de_Vimeur_Rochambeau
ld1-1643399756728-1643399790076-1,Robert Edward Lee,19 Jan 1807 - 12 Oct 1870,https://en.wikipedia.org/wiki/Robert_Edward_Lee
ld1-1643399756728-1643399790077-0,Henry Knox,25 Jul 1750 - 25 Oct 1806,https://en.wikipedia.org/wiki/Henry_Knox
ld1-1643399756728-1643399790094-1,William Wilson Corcoran,27 Dec 1798 - 24 Feb 1888,https://en.wikipedia.org/wiki/William_Wilson_Corcoran
ld1-1643399756728-1643399790128-0,Jean Louis Lefebvre de Cheverus,28 Jan 1768 - 19 Jul 1836,https://en.wikipedia.org/wiki/Jean-Louis_Lefebvre_de_Cheverus
ld1-1643399756728-1643399790622-0,David Glasgow Farragut,5 Jul 1801 - 15 Aug 1870,https://en.wikipedia.org/wiki/David_Glasgow_Farragut
ld1-1643399756728-1643399790771-0,John Tyler,29 Mar 1790 - 18 Jan 1862,https://en.wikipedia.org/wiki/John_Tyler
ld1-1643399756728-1643399790777-0,George Frederick Bristow,19 Dec 1825 - 13 Dec 1898,https://en.wikipedia.org/wiki/George_Frederick_Bristow
ld1-1643399756728-1643399790844-0,John Howard Payne,9 Jun 1791 - 10 Apr 1852,https://en.wikipedia.org/wiki/John_Howard_Payne
ld1-1643399756728-1643399790967-0,Chester Alan Arthur,5 Oct 1829 - 18 Nov 1886,https://en.wikipedia.org/wiki/Chester_Alan_Arthur
ld1-1643399756728-1643399790969-1,Zachary Taylor,24 Nov 1784 - 9 Jul 1850,https://en.wikipedia.org/wiki/Zachary_Taylor
ld1-1643399756728-1643399791075-0,William Learned Marcy,12 Dec 1786 - 4 Jul 1857,https://en.wikipedia.org/wiki/William_Learned_Marcy
ld1-1643399756728-1643399791107-0,Samuel Langhorne Clemens,30 Nov 1835 - 21 Apr 1910,https://en.wikipedia.org/wiki/Samuel_Langhorne_Clemens
ld1-1643399756728-1643399791151-1,William Henry Harrison,9 Feb 1773 - 4 Apr 1841,https://en.wikipedia.org/wiki/William_Henry_Harrison
ld1-1643399756728-1643399791189-0,John Philip Sousa,6 Nov 1854 - 6 Mar 1932,https://en.wikipedia.org/wiki/John_Philip_Sousa
ld1-1643399756728-1643399791239-0,Martin Van Buren,5 Dec 1782 - 24 Jul 1862,https://en.wikipedia.org/wiki/Martin_Van_Buren
ld1-1643399756728-1643399791318-1,James Fenimore Cooper,15 Sep 1789 - 14 Sep 1851,https://en.wikipedia.org/wiki/James_Fenimore_Cooper
ld1-1643399756728-1643399791361-1,Samuel Ringgold,1796 - 11 May 1846,https://en.wikipedia.org/wiki/Samuel_Ringgold_(United_States_Army_officer)
ld1-1643399756728-1643399791526-0,Louis McLane,28 May 1786 - 7 Oct 1857,https://en.wikipedia.org/wiki/Louis_McLane
ld1-1643399756728-1643399791566-0,Andrew Jackson,15 Mar 1767 - 8 Jun 1845,https://en.wikipedia.org/wiki/Andrew_Jackson
ld1-1643399756728-1643399791614-1,King Camp Gillette,5 Jan 1855 - 9 Jul 1932,https://en.wikipedia.org/wiki/King_Camp_Gillette
ld1-1643399756728-1643399791875-0,John Stevens,1749 - 6 Mar 1838,"https://en.wikipedia.org/wiki/John_Stevens_(inventor,_born_1749)"
ld1-1643399756728-1643399791920-1,John Charles Frémont,21 Jan 1813 - 13 Jul 1890,https://en.wikipedia.org/wiki/John_C._Fr%C3%A9mont
ld1-1643399756728-1643399791956-0,Jacob Jennings Brown,9 May 1775 - 24 Feb 1828,https://en.wikipedia.org/wiki/Jacob_Jennings_Brown
ld1-1643399756728-1643399791962-0,Albert Pinkham Ryder,19 Mar 1847 - 28 Mar 1917,https://en.wikipedia.org/wiki/Albert_Pinkham_Ryder
ld1-1643399756728-1643399791965-0,Lester Wallack,1 Jan 1820 - 6 Sep 1888,https://en.wikipedia.org/wiki/Lester_Wallack
ld1-1643399756728-1643399792086-0,Samuel Finley Breese Morse,27 Apr 1791 - 2 Apr 1872,https://en.wikipedia.org/wiki/Samuel_Finley_Breese_Morse
ld1-1643399756728-1643399792105-1,Richard Henry Lee,20 Jan 1732 - 19 Jun 1794,https://en.wikipedia.org/wiki/Richard_Henry_Lee
ld1-1643399756728-1643399792126-0,Charlotte Perkins Stetson Gilman,3 Jul 1860 - 17 Aug 1935,https://en.wikipedia.org/wiki/Charlotte_Perkins_Gilman
ld1-1643399756728-1643399792274-0,Edwin Forrest,9 Mar 1806 - 12 Dec 1872,https://en.wikipedia.org/wiki/Edwin_Forrest
ld1-1643399756728-1643399792411-0,Boies Penrose,1 Nov 1860 - 31 Dec 1921,https://en.wikipedia.org/wiki/Boies_Penrose
ld1-1643399756728-1643399792451-0,Jane Addams,6 Sep 1860 - 21 May 1935,https://en.wikipedia.org/wiki/Jane_Addams
ld1-1643399756728-1643399792481-0,Gilbert Stuart,3 Dec 1755 - 9 Jul 1828,https://en.wikipedia.org/wiki/Gilbert_Stuart
ld1-1643399756728-1643399792566-0,Anson Greene Phelps,24 Mar 1781 - 30 Nov 1853,https://en.wikipedia.org/wiki/Anson_Greene_Phelps
ld1-1643399756728-1643399792593-0,John Adams,30 Oct 1735 - 4 Jul 1826,https://en.wikipedia.org/wiki/John_Adams
ld1-1643399756728-1643399792621-1,Charles Tyson Yerkes,25 Jun 1837 - 29 Dec 1905,https://en.wikipedia.org/wiki/Charles_Tyson_Yerkes
ld1-1643399756728-1643399792689-1,Charles Franklin Kettering,29 Aug 1876 - 25 Nov 1958,https://en.wikipedia.org/wiki/Charles_Franklin_Kettering
ld1-1643399756728-1643399792846-1,Louis Albert Gudebrod,1872 - Dec 1961,-
ld1-1643399756728-1643399792942-1,Henry James,15 Apr 1843 - 28 Feb 1916,https://en.wikipedia.org/wiki/Henry_James
ld1-1643399756728-1643399793108-0,William Austin Burt,13 Jun 1792 - 18 Aug 1858,https://en.wikipedia.org/wiki/William_Austin_Burt
ld1-1643399756728-1643399793229-0,Henry Larcom Abbot,13 Aug 1831 - 1 Oct 1927,https://en.wikipedia.org/wiki/Henry_Larcom_Abbot
ld1-1643399756728-1643399793442-0,Henry Clay,12 Apr 1777 - 29 Jun 1852,https://en.wikipedia.org/wiki/Henry_Clay
ld1-1643399756728-1643399794050-0,Rembrandt Peale,22 Feb 1778 - 3 Oct 1860,https://en.wikipedia.org/wiki/Rembrandt_Peale
ld1-1643399756728-1643399794056-0,Stephen Grover Cleveland,18 Mar 1837 - 24 Jun 1908,https://en.wikipedia.org/wiki/Stephen_Grover_Cleveland
ld1-1643399756728-1643399794099-0,Tenskwatawa,c. 1775 - 1837,https://en.wikipedia.org/wiki/Tenskwatawa
ld1-1643399756728-1643399794140-0,William Tecumseh Sherman,8 Feb 1820 - 14 Feb 1891,https://en.wikipedia.org/wiki/William_Tecumseh_Sherman
ld1-1643399756728-1643399794205-0,Thomas Nast,27 Sep 1840 - 7 Dec 1902,https://en.wikipedia.org/wiki/Thomas_Nast
ld1-1643399756728-1643399794221-0,Abigail Powers Fillmore,17 Mar 1798 - 30 Mar 1853,https://en.wikipedia.org/wiki/Abigail_Powers_Fillmore
ld1-1643399756728-1643399794321-0,Samuel Putnam Avery,17 Mar 1822 - 11 Aug 1904,https://en.wikipedia.org/wiki/Samuel_Putnam_Avery
ld1-1643399756728-1643399794402-0,Charlotte Saunders Cushman,23 Jul 1816 - 17 Feb 1876,https://en.wikipedia.org/wiki/Charlotte_Saunders_Cushman
ld1-1643399756728-1643399794576-0,Albert Gallatin,29 Jan 1761 - 12 Aug 1849,https://en.wikipedia.org/wiki/Albert_Gallatin
ld1-1643399756728-1643399794625-0,Marquis de Lafayette,6 Sep 1757 - 20 May 1834,https://en.wikipedia.org/wiki/Marquis_de_Lafayette
ld1-1643399756728-1643399794979-0,Edwin McMasters Stanton,19 Dec 1814 - 24 Dec 1869,https://en.wikipedia.org/wiki/Edwin_McMasters_Stanton
ld1-1643399756728-1643399795043-0,Harriet Goodhue Hosmer,9 Oct 1830 - 21 Feb 1908,https://en.wikipedia.org/wiki/Harriet_Goodhue_Hosmer
ld1-1643399756728-1643399795061-0,George Caleb Bingham,20 Mar 1811 - 7 Jul 1879,https://en.wikipedia.org/wiki/George_Caleb_Bingham
ld1-1643399756728-1643399795192-1,Edward Maynard,26 Apr 1813 - 4 May 1891,https://en.wikipedia.org/wiki/Edward_Maynard
ld1-1643399756728-1643399795302-0,William Hull,24 Jun 1753 - 29 Nov 1825,https://en.wikipedia.org/wiki/William_Hull
ld1-1643399756728-1643399795352-0,Benjamin West,10 Oct 1738 - 11 Mar 1820,https://en.wikipedia.org/wiki/Benjamin_West
ld1-1643399756728-1643399795451-0,Peter Faneuil,20 Jun 1700 - 3 Mar 1743,https://en.wikipedia.org/wiki/Peter_Faneuil
ld1-1643399756728-1643399795849-0,Chauncey Mitchell Depew,23 Apr 1834 - 5 Apr 1928,https://en.wikipedia.org/wiki/Chauncey_Mitchell_Depew
ld1-1643399756728-1643399796118-0,Charles Wilkes,3 Apr 1798 - 8 Feb 1877,https://en.wikipedia.org/wiki/Charles_Wilkes
ld1-1643399756728-1643399796142-0,Francis Asbury,Aug 1745 - 31 Mar 1816,https://en.wikipedia.org/wiki/Francis_Asbury
ld1-1643399756728-1643399796398-0,Joshua Reed Giddings,6 Oct 1795 - 27 May 1864,https://en.wikipedia.org/wiki/Joshua_Reed_Giddings
ld1-1643399756728-1643399796448-0,Salmon Portland Chase,13 Jan 1808 - 7 May 1873,https://en.wikipedia.org/wiki/Salmon_Portland_Chase
ld1-1643399756728-1643399796449-0,Thomas Paul,1773 - 13 Apr 1831,https://en.wikipedia.org/wiki/Thomas_Paul_(Baptist_minister)
ld1-1643399756728-1643399796648-0,Joseph Galloway,1731 - 29 Aug 1803,https://en.wikipedia.org/wiki/Joseph_Galloway
ld1-1643399756728-1643399803278-1,Thayendanegea,Mar 1743 - 24 Nov 1807,https://en.wikipedia.org/wiki/Thayendanegea
ld1-1643399756728-1643399803327-0,Dorothea Lynde Dix,4 Apr 1802 - 18 Jul 1887,https://en.wikipedia.org/wiki/Dorothea_Lynde_Dix
ld1-1643399756728-1643399803360-0,Benjamin Tappan,25 May 1773 - 20 Apr 1857,https://en.wikipedia.org/wiki/Benjamin_Tappan
ld1-1643399756728-1643399803403-0,Jonas Phillips,1736 - 29 Jan 1803,https://en.wikipedia.org/wiki/Jonas_Phillips
ld1-1643399756728-1643399803404-0,Carter Braxton,10 Sep 1736 - 10 Oct 1797,https://en.wikipedia.org/wiki/Carter_Braxton
ld1-1643399756728-1643399803550-0,Jacob Jennings Brown,9 May 1775 - 24 Feb 1828,https://en.wikipedia.org/wiki/Jacob_Jennings_Brown
ld1-1643399756728-1643399803586-1,George Inness,1 May 1825 - 3 Aug 1894,https://en.wikipedia.org/wiki/George_Inness
ld1-1643399756728-1643399803591-1,William McKinley,29 Jan 1843 - 14 Sep 1901,https://en.wikipedia.org/wiki/William_McKinley
ld1-1643399756728-1643399803592-0,Valentine Mott,20 Aug 1785 - 26 Apr 1865,https://en.wikipedia.org/wiki/Valentine_Mott
ld1-1643399756728-1643399803618-1,John Rutledge,1739 - 18 Jul 1800,https://en.wikipedia.org/wiki/John_Rutledge
ld1-1643399756728-1643399803796-0,Rodman McCamley Price,5 May 1816 - 7 Jun 1894,https://en.wikipedia.org/wiki/Rodman_McCamley_Price
ld1-1643399756728-1643399803800-0,David Rittenhouse,8 Apr 1732 - 26 Jun 1796,https://en.wikipedia.org/wiki/David_Rittenhouse
ld1-1643399756728-1643399803801-0,John Quincy Adams,11 Jul 1767 - 23 Feb 1848,https://en.wikipedia.org/wiki/John_Quincy_Adams
ld1-1643399756728-1643399803805-1,Henry James,15 Apr 1843 - 28 Feb 1916,https://en.wikipedia.org/wiki/Henry_James
ld1-1643399756728-1643399803806-0,Henry James,15 Apr 1843 - 28 Feb 1916,https://en.wikipedia.org/wiki/Henry_James
ld1-1643399756728-1643399804566-0,Washington Irving,3 Apr 1783 - 28 Nov 1859,https://en.wikipedia.org/wiki/Washington_Irving
ld1-1643399756728-1643399805435-0,George Washington,22 Feb 1732 - 14 Dec 1799,https://en.wikipedia.org/wiki/George_Washington
ld1-1643399756728-1643399805436-1,Henry Wadsworth Longfellow,27 Feb 1807 - 24 Mar 1882,https://en.wikipedia.org/wiki/Henry_Wadsworth_Longfellow
ld1-1643399756728-1643399805442-0,H. H. Richardson,29 Sep 1838 - 27 Apr 1886,https://en.wikipedia.org/wiki/H._H._Richardson
ld1-1643399756728-1643399805444-1,Bushrod Washington,5 Jun 1762 - 26 Nov 1829,https://en.wikipedia.org/wiki/Bushrod_Washington
ld1-1643399756728-1643399805452-0,David Crockett,17 Aug 1786 - Mar 1836,https://en.wikipedia.org/wiki/David_Crockett
ld1-1643399756728-1643399805668-0,Junius Brutus Booth,1 May 1796 - 30 Nov 1852,https://en.wikipedia.org/wiki/Junius_Brutus_Booth
ld1-1643399756728-1643399805692-1,Daniel Morgan,1736 - 6 Jul 1802,https://en.wikipedia.org/wiki/Daniel_Morgan
ld1-1643399756728-1643399805835-0,John Ewing,1732 - 1802,https://en.wikipedia.org/wiki/John_Ewing_(pastor)
ld1-1643399756728-1643399806886-1,Red Cloud,1822 - 10 Dec 1909,https://en.wikipedia.org/wiki/Red_Cloud
ld1-1643399756728-1643399806893-0,Elisha Tyson,1749 - 16 Feb 1824,https://en.wikipedia.org/wiki/Elisha_Tyson
ld1-1643399756728-1643399807274-2,Maud Powell,22 Aug 1867 - 8 Jan 1920,https://en.wikipedia.org/wiki/Maud_Powell
ld1-1643399756728-1643399807804-0,Red Jacket,c. 1758 - 20 Jan 1830,https://en.wikipedia.org/wiki/Red_Jacket
ld1-1643399756728-1643399807807-0,Daniel Boone,11 Feb 1734 - 26 Sep 1820,https://en.wikipedia.org/wiki/Daniel_Boone
ld1-1643399756728-1643399809143-0,Henry Clay,12 Apr 1777 - 29 Jun 1852,https://en.wikipedia.org/wiki/Henry_Clay
ld1-1643399756728-1643399809248-1,Myron Timothy Herrick,9 Oct 1854 - 31 Mar 1929,https://en.wikipedia.org/wiki/Myron_Timothy_Herrick
ld1-1643399756728-1643399809618-1,John Caldwell Calhoun,18 Mar 1782 - 31 Mar 1850,https://en.wikipedia.org/wiki/John_Caldwell_Calhoun
ld1-1643399756728-1643399809619-0,James Buchanan,21 Apr 1791 - 1 Jun 1868,https://en.wikipedia.org/wiki/James_Buchanan
ld1-1643399756728-1643399809826-1,James Monroe,28 Apr 1758 - 4 Jul 1831,https://en.wikipedia.org/wiki/James_Monroe
ld1-1643399756728-1643399810255-0,John Winthrop,1587/8 - 1649,https://en.wikipedia.org/wiki/John_Winthrop
ld1-1643399756728-1643399810719-0,Margaret Fuller,23 May 1810 - 19 Jul 1850,https://en.wikipedia.org/wiki/Margaret_Fuller
ld1-1643399756728-1643399810943-0,Thurlow Weed,15 Nov 1797 - 22 Nov 1882,https://en.wikipedia.org/wiki/Thurlow_Weed
ld1-1643399756728-1643399810978-0,Thomas E. Kirby,14 Nov 1846 - 16 Jan 1924,https://en.wikipedia.org/wiki/Thomas_E._Kirby
ld1-1643399756728-1643399810987-0,Henry Kirke Brown,25 Feb 1814 - 10 Jul 1886,https://en.wikipedia.org/wiki/Henry_Kirke_Brown
ld1-1643399756728-1643399812644-0,Frank Billings Kellogg,22 Dec 1856 - 21 Dec 1937,https://en.wikipedia.org/wiki/Frank_Billings_Kellogg
ld1-1643399756728-1643399812894-0,John Bradstreet,21 Dec 1714 - 25 Sep 1774,https://en.wikipedia.org/wiki/John_Bradstreet
ld1-1643399756728-1643399812938-1,William Carmichael,? - Feb 1795,https://en.wikipedia.org/wiki/William_Carmichael_(diplomat)
ld1-1643399756728-1643399812941-1,Charles Cotesworth Pinckney,25 Feb 1746 - 25 Aug 1825,https://en.wikipedia.org/wiki/Charles_Cotesworth_Pinckney
ld1-1643399756728-1643399812942-0,Thomas Pinckney,23 Oct 1750 - 2 Nov 1828,https://en.wikipedia.org/wiki/Thomas_Pinckney
ld1-1643399756728-1643399813188-0,Margery Winifred Williams Bianco,22 Jul 1881 - 4 Sep 1944,https://en.wikipedia.org/wiki/Margery_Williams
ld1-1643399756728-1643399813284-1,William Linn,27 Feb 1752 - 8 Jan 1808,https://en.wikipedia.org/wiki/William_Linn_(clergyman)
ld1-1643399756728-1643399813286-0,William Linn,27 Feb 1752 - 8 Jan 1808,https://en.wikipedia.org/wiki/William_Linn_(clergyman)
ld1-1643399756728-1643399813878-0,Daniel Webster,18 Jan 1782 - 24 Oct 1852,https://en.wikipedia.org/wiki/Daniel_Webster
ld1-1643399756728-1643399813879-0,George Linen,29 Apr 1802 - 27 Sep 1888,-
ld1-1643399756728-1643399813991-0,Adolfo Müller-Ury,29 Mar 1862 - 7 Jul 1947,https://en.wikipedia.org/wiki/Adolfo_M%C3%BCller-Ury
ld1-1643399756728-1643399814091-0,Daniel Leonard,18 May 1740 - 27 Jun 1829,https://en.wikipedia.org/wiki/Daniel_Leonard
ld1-1643399756728-1643399814461-0,Thomas Paine,29 Jan 1737 - 8 Jun 1809,https://en.wikipedia.org/wiki/Thomas_Paine
ld1-1643399756728-1643399814786-1,Thomas Ash II,1785 - after 1824,-
ld1-1643399756728-1643399815511-0,William Dunlap,18 Feb 1766 - 28 Sep 1839,https://en.wikipedia.org/wiki/William_Dunlap
ld1-1643399756728-1643399816265-1,Henry Mosler,6 Jun 1841 - 21 Apr 1920,https://en.wikipedia.org/wiki/Henry_Mosler
ld1-1643399756728-1643399817177-0,Pauline Morton Sabin,23 Apr 1887 - 27 Dec 1955,https://en.wikipedia.org/wiki/Pauline_Morton_Sabin
ld1-1643399756728-1643399817509-0,John Laurens,28 Oct 1754 - 27 Aug 1782,https://en.wikipedia.org/wiki/John_Laurens
ld1-1643399756728-1643399817574-1,John Marshall,24 Sep 1755 - 6 Jul 1835,https://en.wikipedia.org/wiki/John_Marshall
ld1-1643399756728-1643399818711-1,Amerigo Vespucci,Mar 1454 - 22 Feb 1512,https://en.wikipedia.org/wiki/Amerigo_Vespucci
ld1-1643399756728-1643399818761-0,Benjamin Henry Latrobe,1 May 1764 - 3 Sep 1820,https://en.wikipedia.org/wiki/Benjamin_Henry_Latrobe
ld1-1643399756728-1643399818809-0,Thomas Loraine McKenney,21 Mar 1785 - 20 Feb 1859,https://en.wikipedia.org/wiki/Thomas_L._McKenney
ld1-1643399756728-1643399819125-0,Adolph Simon Ochs,1858 - 1935,https://en.wikipedia.org/wiki/Adolph_Simon_Ochs
ld1-1643399756728-1643399819682-1,Richard Bache,1737 - 1811,https://en.wikipedia.org/wiki/Richard_Bache
ld1-1643399756728-1643399820257-2,William George Fargo,20 May 1818 - 3 Aug 1881,https://en.wikipedia.org/wiki/William_George_Fargo
ld1-1643399756728-1643399821871-0,George Washington,22 Feb 1732 - 14 Dec 1799,https://en.wikipedia.org/wiki/George_Washington
ld1-1643399756728-1643399821872-0,George Washington,22 Feb 1732 - 14 Dec 1799,https://en.wikipedia.org/wiki/George_Washington
ld1-1643399756728-1643399821873-0,George Washington,22 Feb 1732 - 14 Dec 1799,https://en.wikipedia.org/wiki/George_Washington
ld1-1643399756728-1643399822401-1,Richard Morris Hunt,31 Oct 1827 - 31 Jul 1895,https://en.wikipedia.org/wiki/Richard_Morris_Hunt
ld1-1643399756728-1643399823121-1,Daniel Boone,11 Feb 1734 - 26 Sep 1820,https://en.wikipedia.org/wiki/Daniel_Boone
ld1-1643399756728-1643399823128-0,David Ramsay,2 Apr 1749 - 8 May 1815,https://en.wikipedia.org/wiki/David_Ramsay_(historian)
ld1-1643399756728-1643399823735-1,Eleazar Parmly,13 Mar 1797 - 13 Dec 1874,https://en.wikipedia.org/wiki/Eleazer_Parmly
ld1-1643399756728-1643399824156-1,John Vaughan,15 Jan 1756 - 30 Dec 1841,https://en.wikipedia.org/wiki/John_Vaughan_(wine_merchant)
ld1-1643399756728-1643399824167-0,Emma Catherine Embury,1806 - 1863,https://en.wikipedia.org/wiki/Emma_Catherine_Embury
ld1-1643399756728-1643399824168-0,Daniel Embury,c. 1800 - ?,-
ld1-1643399756728-1643399824184-0,Stephen Van Rensselaer III,1 Nov 1764 - 26 Jan 1839,https://en.wikipedia.org/wiki/Stephen_Van_Rensselaer_III
ld1-1643399756728-1643399824822-0,Francis Scott Key,1779 - 1843,https://en.wikipedia.org/wiki/Francis_Scott_Key
ld1-1643399756728-1643399824901-0,Frida Kahlo,6 Jul 1907 - 13 Jul 1954,https://en.wikipedia.org/wiki/Frida_Kahlo
ld1-1643399756728-1643399825211-0,Alice Dunbar-Nelson,,https://en.wikipedia.org/wiki/Alice_Dunbar-Nelson
ld1-1643399756728-1643399825725-0,Betsey Colt Foot,1774 - 1847,-
ld1-1643399756728-1643399826268-1,Julius A. Fleischmann,1871 - 1925,https://en.wikipedia.org/wiki/Julius_Fleischmann
ld1-1643399756728-1643399826528-1,Harriet Bradford Tiffany Stewart,1798 - 1830,https://en.wikipedia.org/wiki/Harriet_Bradford_Tiffany_Stewart
ld1-1643399756728-1643399826885-0,Alexander von Humboldt,14 Sep 1769 - 6 May 1859,https://en.wikipedia.org/wiki/Alexander_von_Humboldt
ld1-1643399756728-1643399827571-0,Lewis Malone Ayer Jr.,1821 - 1895,https://en.wikipedia.org/wiki/Lewis_Malone_Ayer_Jr.
ld1-1643399756728-1643399828105-0,Franklin Delano Roosevelt,30 Jan 1882 - 12 Apr 1945,https://en.wikipedia.org/wiki/Franklin_Delano_Roosevelt
ld1-1650617461130-1650617536621-0,George Edmund Haynes,1880 - 1960,https://en.wikipedia.org/wiki/George_Edmund_Haynes
ld1-1652182634763-1652182706634-1,Abraham Lincoln,12 Feb 1809 - 15 Apr 1865,https://en.wikipedia.org/wiki/Abraham_Lincoln
ld1-1652182634763-1652182718663-1,George Gibbs,1776 - 1833,https://en.wikipedia.org/wiki/George_Gibbs_(mineralogist)
ld1-1693385069958-1693385119480-1,Thomas Jonathan Jackson,21 Jan 1824 - 10 May 1863,https://en.wikipedia.org/wiki/Thomas_Jonathan_Jackson
ld1-1706868062610-1706868075243-0,Andrew Jackson,15 Mar 1767 - 8 Jun 1845,https://en.wikipedia.org/wiki/Andrew_Jackson
ld1-1715938889731-1715938944581-1,Alfred Jones,1819 - 1900,https://en.wikipedia.org/wiki/Alfred_Jones_(engraver)